코드,자료명,파일명,URL
강원도-01,"한오백년",M021-Gangwondo-01.wav,https://www.igbf.kr/DataFiles/public_data/minyo/M021-Gangwondo-01.wav
강원도-02,"강원도아리랑",M021-Gangwondo-02.wav,https://www.igbf.kr/DataFiles/public_data/minyo/M021-Gangwondo-02.wav
경기도-01,"개고리 타령",M021-Gyeonggido-01.wav,https://www.igbf.kr/DataFiles/public_data/minyo/M021-Gyeonggido-01.wav
경기도-02,"건드렁 타령",M021-Gyeonggido-02.wav,https://www.igbf.kr/DataFiles/public_data/minyo/M021-Gyeonggido-02.wav
경기도-03,"경복궁 타령",M021-Gyeonggido-03.wav,https://www.igbf.kr/DataFiles/public_data/minyo/M021-Gyeonggido-03.wav
경기도-04,"구아리랑",M021-Gyeonggido-04.wav,https://www.igbf.kr/DataFiles/public_data/minyo/M021-Gyeonggido-04.wav
경기도-05,"군밤타령",M021-Gyeonggido-05.wav,https://www.igbf.kr/DataFiles/public_data/minyo/M021-Gyeonggido-05.wav
경기도-06,"궁초댕기",M021-Gyeonggido-06.wav,https://www.igbf.kr/DataFiles/public_data/minyo/M021-Gyeonggido-06.wav
경기도-07,"금강산 타령",M021-Gyeonggido-07.wav,https://www.igbf.kr/DataFiles/public_data/minyo/M021-Gyeonggido-07.wav
경기도-08,"긴아리랑",M021-Gyeonggido-08.wav,https://www.igbf.kr/DataFiles/public_data/minyo/M021-Gyeonggido-08.wav
경기도-09,"노들강변",M021-Gyeonggido-09.wav,https://www.igbf.kr/DataFiles/public_data/minyo/M021-Gyeonggido-09.wav
경기도-10,"노랫가락1",M021-Gyeonggido-10.wav,https://www.igbf.kr/DataFiles/public_data/minyo/M021-Gyeonggido-10.wav
경기도-11,"노랫가락2",M021-Gyeonggido-11.wav,https://www.igbf.kr/DataFiles/public_data/minyo/M021-Gyeonggido-11.wav
경기도-12,"는실타령",M021-Gyeonggido-12.wav,https://www.igbf.kr/DataFiles/public_data/minyo/M021-Gyeonggido-12.wav
경기도-13,"늴리리야",M021-Gyeonggido-13.wav,https://www.igbf.kr/DataFiles/public_data/minyo/M021-Gyeonggido-13.wav
경기도-14,"담바귀타령",M021-Gyeonggido-14.wav,https://www.igbf.kr/DataFiles/public_data/minyo/M021-Gyeonggido-14.wav
경기도-15,"도라지",M021-Gyeonggido-15.wav,https://www.igbf.kr/DataFiles/public_data/minyo/M021-Gyeonggido-15.wav
경기도-16,"도화타령",M021-Gyeonggido-16.wav,https://www.igbf.kr/DataFiles/public_data/minyo/M021-Gyeonggido-16.wav
경기도-17,"매화타령",M021-Gyeonggido-17.wav,https://www.igbf.kr/DataFiles/public_data/minyo/M021-Gyeonggido-17.wav
경기도-18,"밀양아리랑",M021-Gyeonggido-18.wav,https://www.igbf.kr/DataFiles/public_data/minyo/M021-Gyeonggido-18.wav
경기도-19,"방아타령",M021-Gyeonggido-19.wav,https://www.igbf.kr/DataFiles/public_data/minyo/M021-Gyeonggido-19.wav
경기도-20,"뱃노래",M021-Gyeonggido-20.wav,https://www.igbf.kr/DataFiles/public_data/minyo/M021-Gyeonggido-20.wav
경기도-21,"뱃노래(2)",M021-Gyeonggido-21.wav,https://www.igbf.kr/DataFiles/public_data/minyo/M021-Gyeonggido-21.wav
경기도-22,"베틀가",M021-Gyeonggido-22.wav,https://www.igbf.kr/DataFiles/public_data/minyo/M021-Gyeonggido-22.wav
경기도-23,"본조아리랑",M021-Gyeonggido-23.wav,https://www.igbf.kr/DataFiles/public_data/minyo/M021-Gyeonggido-23.wav
경기도-24,"사발가",M021-Gyeonggido-24.wav,https://www.igbf.kr/DataFiles/public_data/minyo/M021-Gyeonggido-24.wav
경기도-25,"사설 방아 타령",M021-Gyeonggido-25.wav,https://www.igbf.kr/DataFiles/public_data/minyo/M021-Gyeonggido-25.wav
경기도-26,"신고산 타령(느린)",M021-Gyeonggido-26.wav,https://www.igbf.kr/DataFiles/public_data/minyo/M021-Gyeonggido-26.wav
경기도-27,"신고산 타령(빠른)",M021-Gyeonggido-27.wav,https://www.igbf.kr/DataFiles/public_data/minyo/M021-Gyeonggido-27.wav
경기도-28,"양류가",M021-Gyeonggido-28.wav,https://www.igbf.kr/DataFiles/public_data/minyo/M021-Gyeonggido-28.wav
경기도-29,"양산도",M021-Gyeonggido-29.wav,https://www.igbf.kr/DataFiles/public_data/minyo/M021-Gyeonggido-29.wav
경기도-30,"오돌독",M021-Gyeonggido-30.wav,https://www.igbf.kr/DataFiles/public_data/minyo/M021-Gyeonggido-30.wav
경기도-31,"오봉산타령",M021-Gyeonggido-31.wav,https://www.igbf.kr/DataFiles/public_data/minyo/M021-Gyeonggido-31.wav
경기도-32,"울산아가씨",M021-Gyeonggido-32.wav,https://www.igbf.kr/DataFiles/public_data/minyo/M021-Gyeonggido-32.wav
경기도-33,"잦은뱃노래",M021-Gyeonggido-33.wav,https://www.igbf.kr/DataFiles/public_data/minyo/M021-Gyeonggido-33.wav
경기도-34,"장기타령",M021-Gyeonggido-34.wav,https://www.igbf.kr/DataFiles/public_data/minyo/M021-Gyeonggido-34.wav
경기도-35,"창부타령1",M021-Gyeonggido-35.wav,https://www.igbf.kr/DataFiles/public_data/minyo/M021-Gyeonggido-35.wav
경기도-36,"창부타령2",M021-Gyeonggido-36.wav,https://www.igbf.kr/DataFiles/public_data/minyo/M021-Gyeonggido-36.wav
경기도-37,"천안삼거리",M021-Gyeonggido-37.wav,https://www.igbf.kr/DataFiles/public_data/minyo/M021-Gyeonggido-37.wav
경기도-38,"청춘가",M021-Gyeonggido-38.wav,https://www.igbf.kr/DataFiles/public_data/minyo/M021-Gyeonggido-38.wav
경기도-39,"탑돌이",M021-Gyeonggido-39.wav,https://www.igbf.kr/DataFiles/public_data/minyo/M021-Gyeonggido-39.wav
경기도-40,"태평가",M021-Gyeonggido-40.wav,https://www.igbf.kr/DataFiles/public_data/minyo/M021-Gyeonggido-40.wav
경기도-41,"한강수 타령",M021-Gyeonggido-41.wav,https://www.igbf.kr/DataFiles/public_data/minyo/M021-Gyeonggido-41.wav
경기도-42,"해주아리랑",M021-Gyeonggido-42.wav,https://www.igbf.kr/DataFiles/public_data/minyo/M021-Gyeonggido-42.wav
남도-01,"강강술래",M021-Namdo-01.wav,https://www.igbf.kr/DataFiles/public_data/minyo/M021-Namdo-01.wav
남도-02,"개고리타령",M021-Namdo-02.wav,https://www.igbf.kr/DataFiles/public_data/minyo/M021-Namdo-02.wav
남도-03,"금강산타령",M021-Namdo-03.wav,https://www.igbf.kr/DataFiles/public_data/minyo/M021-Namdo-03.wav
남도-04,"까투리타령",M021-Namdo-04.wav,https://www.igbf.kr/DataFiles/public_data/minyo/M021-Namdo-04.wav
남도-05,"꽃타령",M021-Namdo-05.wav,https://www.igbf.kr/DataFiles/public_data/minyo/M021-Namdo-05.wav
남도-06,"달맞이",M021-Namdo-06.wav,https://www.igbf.kr/DataFiles/public_data/minyo/M021-Namdo-06.wav
남도-07,"동백타령",M021-Namdo-07.wav,https://www.igbf.kr/DataFiles/public_data/minyo/M021-Namdo-07.wav
남도-08,"동해바다",M021-Namdo-08.wav,https://www.igbf.kr/DataFiles/public_data/minyo/M021-Namdo-08.wav
남도-09,"물레타령",M021-Namdo-09.wav,https://www.igbf.kr/DataFiles/public_data/minyo/M021-Namdo-09.wav
남도-10,"산타령",M021-Namdo-10.wav,https://www.igbf.kr/DataFiles/public_data/minyo/M021-Namdo-10.wav
남도-11,"삼산은반락",M021-Namdo-11.wav,https://www.igbf.kr/DataFiles/public_data/minyo/M021-Namdo-11.wav
남도-12,"상주모심기",M021-Namdo-12.wav,https://www.igbf.kr/DataFiles/public_data/minyo/M021-Namdo-12.wav
남도-13,"상주아리랑",M021-Namdo-13.wav,https://www.igbf.kr/DataFiles/public_data/minyo/M021-Namdo-13.wav
남도-14,"새타령",M021-Namdo-14.wav,https://www.igbf.kr/DataFiles/public_data/minyo/M021-Namdo-14.wav
남도-15,"삼월삼짇날",M021-Namdo-15.wav,https://www.igbf.kr/DataFiles/public_data/minyo/M021-Namdo-15.wav
남도-16,"성주풀이",M021-Namdo-16.wav,https://www.igbf.kr/DataFiles/public_data/minyo/M021-Namdo-16.wav
남도-17,"남도뱃노래",M021-Namdo-17.wav,https://www.igbf.kr/DataFiles/public_data/minyo/M021-Namdo-17.wav
남도-18,"남원산성",M021-Namdo-18.wav,https://www.igbf.kr/DataFiles/public_data/minyo/M021-Namdo-18.wav
남도-19,"널뛰기 노래",M021-Namdo-19.wav,https://www.igbf.kr/DataFiles/public_data/minyo/M021-Namdo-19.wav
남도-20,"농부가",M021-Namdo-20.wav,https://www.igbf.kr/DataFiles/public_data/minyo/M021-Namdo-20.wav
남도-21,"신뱃노래",M021-Namdo-21.wav,https://www.igbf.kr/DataFiles/public_data/minyo/M021-Namdo-21.wav
남도-22,"옹헤야",M021-Namdo-22.wav,https://www.igbf.kr/DataFiles/public_data/minyo/M021-Namdo-22.wav
남도-23,"육자백이",M021-Namdo-23.wav,https://www.igbf.kr/DataFiles/public_data/minyo/M021-Namdo-23.wav
남도-24,"자진육자백이",M021-Namdo-24.wav,https://www.igbf.kr/DataFiles/public_data/minyo/M021-Namdo-24.wav
남도-25,"진도아리랑1",M021-Namdo-25.wav,https://www.igbf.kr/DataFiles/public_data/minyo/M021-Namdo-25.wav
남도-26,"진도아리랑2",M021-Namdo-26.wav,https://www.igbf.kr/DataFiles/public_data/minyo/M021-Namdo-26.wav
남도-27,"통영개타령",M021-Namdo-27.wav,https://www.igbf.kr/DataFiles/public_data/minyo/M021-Namdo-27.wav
남도-28,"함양 양잠가",M021-Namdo-28.wav,https://www.igbf.kr/DataFiles/public_data/minyo/M021-Namdo-28.wav
남도-29,"흥타령1",M021-Namdo-29.wav,https://www.igbf.kr/DataFiles/public_data/minyo/M021-Namdo-29.wav
남도-30,"흥타령2",M021-Namdo-30.wav,https://www.igbf.kr/DataFiles/public_data/minyo/M021-Namdo-30.wav
서도-01,"간장타령",M021-Seodo-01.wav,https://www.igbf.kr/DataFiles/public_data/minyo/M021-Seodo-01.wav
서도-02,"개성난봉가(박연)",M021-Seodo-02.wav,https://www.igbf.kr/DataFiles/public_data/minyo/M021-Seodo-02.wav
서도-03,"개성산염불",M021-Seodo-03.wav,https://www.igbf.kr/DataFiles/public_data/minyo/M021-Seodo-03.wav
서도-04,"금다래타령",M021-Seodo-04.wav,https://www.igbf.kr/DataFiles/public_data/minyo/M021-Seodo-04.wav
서도-05,"금드렁타령",M021-Seodo-05.wav,https://www.igbf.kr/DataFiles/public_data/minyo/M021-Seodo-05.wav
서도-06,"긴난봉가",M021-Seodo-06.wav,https://www.igbf.kr/DataFiles/public_data/minyo/M021-Seodo-06.wav
서도-07,"날찾네",M021-Seodo-07.wav,https://www.igbf.kr/DataFiles/public_data/minyo/M021-Seodo-07.wav
서도-08,"느리개 타령",M021-Seodo-08.wav,https://www.igbf.kr/DataFiles/public_data/minyo/M021-Seodo-08.wav
서도-09,"몽금포타령",M021-Seodo-09.wav,https://www.igbf.kr/DataFiles/public_data/minyo/M021-Seodo-09.wav
서도-10,"배따라기",M021-Seodo-10.wav,https://www.igbf.kr/DataFiles/public_data/minyo/M021-Seodo-10.wav
서도-11,"배치기",M021-Seodo-11.wav,https://www.igbf.kr/DataFiles/public_data/minyo/M021-Seodo-11.wav
서도-12,"병신난봉가",M021-Seodo-12.wav,https://www.igbf.kr/DataFiles/public_data/minyo/M021-Seodo-12.wav
서도-13,"사설난봉가",M021-Seodo-13.wav,https://www.igbf.kr/DataFiles/public_data/minyo/M021-Seodo-13.wav
서도-14,"산염불",M021-Seodo-14.wav,https://www.igbf.kr/DataFiles/public_data/minyo/M021-Seodo-14.wav
서도-15,"서도뱃노래",M021-Seodo-15.wav,https://www.igbf.kr/DataFiles/public_data/minyo/M021-Seodo-15.wav
서도-16,"신경발림",M021-Seodo-16.wav,https://www.igbf.kr/DataFiles/public_data/minyo/M021-Seodo-16.wav
서도-17,"싸름타령",M021-Seodo-17.wav,https://www.igbf.kr/DataFiles/public_data/minyo/M021-Seodo-17.wav
서도-18,"야월선유가",M021-Seodo-18.wav,https://www.igbf.kr/DataFiles/public_data/minyo/M021-Seodo-18.wav
서도-19,"연평도난봉가",M021-Seodo-19.wav,https://www.igbf.kr/DataFiles/public_data/minyo/M021-Seodo-19.wav
서도-20,"연평도난봉가(빠른)",M021-Seodo-20.wav,https://www.igbf.kr/DataFiles/public_data/minyo/M021-Seodo-20.wav
서도-21,"자진난봉가",M021-Seodo-21.wav,https://www.igbf.kr/DataFiles/public_data/minyo/M021-Seodo-21.wav
서도-22,"자진배따라기",M021-Seodo-22.wav,https://www.igbf.kr/DataFiles/public_data/minyo/M021-Seodo-22.wav
서도-23,"자진산염불",M021-Seodo-23.wav,https://www.igbf.kr/DataFiles/public_data/minyo/M021-Seodo-23.wav
서도-24,"자진아리",M021-Seodo-24.wav,https://www.igbf.kr/DataFiles/public_data/minyo/M021-Seodo-24.wav
서도-25,"풍구타령",M021-Seodo-25.wav,https://www.igbf.kr/DataFiles/public_data/minyo/M021-Seodo-25.wav
서도-26,"함경도애원성",M021-Seodo-26.wav,https://www.igbf.kr/DataFiles/public_data/minyo/M021-Seodo-26.wav
서도-27,"호무가",M021-Seodo-27.wav,https://www.igbf.kr/DataFiles/public_data/minyo/M021-Seodo-27.wav
제주도-01,"서우젯소리",M021-Jejudo-01.wav,https://www.igbf.kr/DataFiles/public_data/minyo/M021-Jejudo-01.wav
제주도-02,"둥그레당실",M021-Jejudo-02.wav,https://www.igbf.kr/DataFiles/public_data/minyo/M021-Jejudo-02.wav
제주도-03,"이야옹타령",M021-Jejudo-03.wav,https://www.igbf.kr/DataFiles/public_data/minyo/M021-Jejudo-03.wav
제주도-04,"이어도사나",M021-Jejudo-04.wav,https://www.igbf.kr/DataFiles/public_data/minyo/M021-Jejudo-04.wav
